14	false	main	DIRTY	CONFLICTING	2026-08-18	1769
15	false	main	DIRTY	CONFLICTING	2026-09-24	5560
37	false	main	DIRTY	CONFLICTING	2026-08-21	1222
43	false	main	DIRTY	CONFLICTING	2026-08-27	2428
44	false	main	BEHIND	MERGEABLE	2026-08-26	1865
45	false	main	BEHIND	MERGEABLE	2026-08-26	777
47	false	main	BEHIND	MERGEABLE	2026-08-26	1187
48	false	main	DIRTY	CONFLICTING	2026-08-26	1941
54	false	main	BEHIND	MERGEABLE	2026-09-14	589
61	false	main	BEHIND	MERGEABLE	2026-09-06	141
63	false	main	BEHIND	MERGEABLE	2026-09-06	157
65	false	main	BEHIND	MERGEABLE	2026-09-06	91
66	false	main	BEHIND	MERGEABLE	2026-09-06	530
67	false	main	BEHIND	MERGEABLE	2026-09-07	200
68	false	main	DIRTY	CONFLICTING	2026-09-07	444
74	false	main	DIRTY	CONFLICTING	2026-09-22	137
75	false	task/p13-deletion-guard	DIRTY	CONFLICTING	2026-09-09	202
77	false	task/gate0-loop-proof	CLEAN	MERGEABLE	2026-09-09	583
78	false	task/ci-execution-proof	CLEAN	MERGEABLE	2026-09-09	98
79	false	main	BEHIND	MERGEABLE	2026-09-09	263
83	false	main	BEHIND	MERGEABLE	2026-09-24	15677
85	false	main	BEHIND	MERGEABLE	2026-09-14	554
86	false	main	BEHIND	MERGEABLE	2026-09-14	646
87	true	task/hs-1104a-rps-project-contract-20260914	CLEAN	MERGEABLE	2026-09-14	1222
88	false	main	BEHIND	MERGEABLE	2026-09-14	286
89	false	task/hs-resume-evidence-contract	CLEAN	MERGEABLE	2026-09-14	472
90	true	task/hs-0501-aside-policy-20260914	CLEAN	MERGEABLE	2026-09-14	201
91	false	main	BEHIND	MERGEABLE	2026-09-14	1724
92	false	main	BEHIND	MERGEABLE	2026-09-14	275
93	false	task/hs-resume-evidence-contract	CLEAN	MERGEABLE	2026-09-14	891
94	true	task/hs-0202-evidence-validation-20260914	CLEAN	MERGEABLE	2026-09-14	485
95	true	main	BEHIND	MERGEABLE	2026-09-14	114
96	true	hs-0401-storage-policy-contract-20260914	CLEAN	MERGEABLE	2026-09-15	2105
97	true	hs-0401-storage-policy-contract-20260914	CLEAN	MERGEABLE	2026-09-14	793
100	true	task/hs-0301-sqlite-schema-20260914	UNSTABLE	MERGEABLE	2026-09-24	2980
102	false	main	BEHIND	MERGEABLE	2026-09-17	42
103	false	main	BEHIND	MERGEABLE	2026-09-18	1804
104	false	main	BEHIND	MERGEABLE	2026-09-23	7703
105	false	main	BEHIND	MERGEABLE	2026-09-22	7557
106	true	main	BEHIND	MERGEABLE	2026-09-22	46
107	false	main	BEHIND	MERGEABLE	2026-09-23	281
108	false	main	BEHIND	MERGEABLE	2026-09-23	1148
109	false	main	BEHIND	MERGEABLE	2026-10-06	3905
110	false	task/jev-shadow-base-split	DIRTY	CONFLICTING	2026-09-29	3922
112	false	main	BEHIND	MERGEABLE	2026-09-29	161
114	true	main	BEHIND	MERGEABLE	2026-09-30	204
115	false	main	BEHIND	MERGEABLE	2026-10-01	38
116	false	main	BEHIND	MERGEABLE	2026-10-01	2
117	true	main	BEHIND	MERGEABLE	2026-10-01	92
118	true	main	CLEAN	MERGEABLE	2026-10-02	3263
119	true	main	CLEAN	MERGEABLE	2026-10-02	463
120	true	main	BLOCKED	MERGEABLE	2026-10-02	3460
121	true	main	CLEAN	MERGEABLE	2026-10-02	3460
122	false	main	CLEAN	MERGEABLE	2026-10-04	526
123	false	main	CLEAN	MERGEABLE	2026-10-06	770
