123	2bdfca7	verify/=SUCCESS,verify/=SUCCESS,Cursor Bugbot/=NEUTRAL	1	0
122	e58fa87	verify/=SUCCESS,verify/=SUCCESS,Cursor Bugbot/=SUCCESS	1	0
121	634c3d9	verify/=SUCCESS,verify/=SUCCESS	0	0
120	f6ac2e1	verify/=FAILURE,verify/=FAILURE	0	0
119	95a6917	verify/=SUCCESS,verify/=SUCCESS	0	0
118	7cd07e5	verify/=SUCCESS,verify/=SUCCESS	0	0
117	640f1c6	verify/=FAILURE,verify/=FAILURE	0	0
116	26cd3c9	verify/=FAILURE,verify/=FAILURE,Cursor Bugbot/=SUCCESS	0	0
115	f20f411	verify/=FAILURE,verify/=FAILURE,Cursor Bugbot/=SUCCESS	0	0
114	6895495	verify/=FAILURE,verify/=FAILURE	0	0
112	8f8477c	verify/=FAILURE,verify/=FAILURE,Cursor Bugbot/=NEUTRAL	1	0
110	2210ca1	verify/=SUCCESS,verify/=SUCCESS,Cursor Bugbot/=SUCCESS	0	3
109	6b347e8	verify/=FAILURE,verify/=SUCCESS,Cursor Bugbot/=SUCCESS	1	3
108	143a79f	verify/=FAILURE,verify/=FAILURE,Cursor Bugbot/=NEUTRAL	0	1
107	4cc9d47	verify/=FAILURE,verify/=FAILURE,Cursor Bugbot/=NEUTRAL	0	1
106	eac8184	verify/=FAILURE,verify/=FAILURE	0	0
105	67b1e38	verify/=FAILURE,verify/=FAILURE,Cursor Bugbot/=NEUTRAL	1	0
104	83fa18c	verify/=FAILURE,verify/=FAILURE,Cursor Bugbot/=NEUTRAL	2	2
103	a5eed3b	verify/=FAILURE,verify/=FAILURE	0	0
102	3ff974a	verify/=FAILURE,verify/=FAILURE	0	0
100	4650886	verify/=FAILURE,verify/=FAILURE	0	0
97	7473ec8	verify/=SUCCESS,verify/=SUCCESS	0	0
96	c7edd64	verify/=SUCCESS,verify/=SUCCESS	0	0
95	af3942a	verify/=SUCCESS,verify/=SUCCESS	0	0
94	381f178	verify/=SUCCESS,verify/=SUCCESS	0	0
93	0f46e71	verify/=SUCCESS,verify/=SUCCESS	0	0
92	840d12d	verify/=SUCCESS,verify/=SUCCESS	0	0
91	387b25f	verify/=SUCCESS,verify/=SUCCESS	0	0
90	e9e91e4	verify/=SUCCESS,verify/=SUCCESS	0	0
89	5228555	verify/=SUCCESS,verify/=SUCCESS	0	0
88	15534a1	verify/=SUCCESS,verify/=SUCCESS	0	0
87	bb311dc	verify/=SUCCESS,verify/=SUCCESS	0	0
86	10e9eec	verify/=SUCCESS,verify/=SUCCESS	0	0
85	443631e	verify/=SUCCESS,verify/=SUCCESS	0	0
83	1131294	verify/=FAILURE,verify/=FAILURE,Cursor Bugbot/=NEUTRAL	0	3
79	05f8bcf	verify/=SUCCESS,verify/=SUCCESS	0	0
78	5e7b050		0	0
77	7dcba17		0	0
75	9fced45	verify/=SUCCESS,verify/=SUCCESS	0	0
74	903051b	verify/=FAILURE,verify/=FAILURE,Cursor Bugbot/=NEUTRAL	0	1
68	46c80c6	verify/=SUCCESS,verify/=SUCCESS	0	0
67	91916f6	verify/=SUCCESS,verify/=SUCCESS	0	0
66	dbe3492	verify/=SUCCESS,verify/=SUCCESS	0	0
65	e52c803	verify/=SUCCESS,verify/=SUCCESS	0	0
63	5b1088a	verify/=SUCCESS,verify/=SUCCESS	0	0
61	8d64890	verify/=SUCCESS,verify/=SUCCESS	0	0
54	c308eb0	verify/=SUCCESS,verify/=SUCCESS	0	0
48	da8203e	verify/=SUCCESS,verify/=SUCCESS	0	0
47	afa7d62	verify/=SUCCESS,verify/=SUCCESS	0	0
45	59274eb	verify/=FAILURE,verify/=SUCCESS	0	0
44	c5d93e6	verify/=FAILURE,verify/=SUCCESS	0	0
43	16a6eea	verify/=FAILURE	0	0
37	0b4dd2c	verify/=SUCCESS,verify/=SUCCESS	0	0
15	a7a0453	verify/=FAILURE,Cursor Bugbot/=NEUTRAL	0	1
14	b4fd4a8	verify/=SUCCESS,verify/=SUCCESS	0	0
