120	pull_request f6ac2e1 :: 히스토리 전량 스캔 (도달 가능한 모든 blob)
117	pull_request 640f1c6 :: 억제 만료 스캔 (suppressions.yaml)
116	pull_request 26cd3c9 :: 억제 만료 스캔 (suppressions.yaml)
115	pull_request f20f411 :: 억제 만료 스캔 (suppressions.yaml)
114	pull_request 6895495 :: 억제 만료 스캔 (suppressions.yaml)
112	pull_request 8f8477c :: 억제 만료 스캔 (suppressions.yaml)
109	push 6b347e8 :: 억제 만료 스캔 (suppressions.yaml)
108	pull_request 143a79f :: 억제 만료 스캔 (suppressions.yaml)
107	pull_request 4cc9d47 :: 억제 만료 스캔 (suppressions.yaml)
106	pull_request eac8184 :: 억제 만료 스캔 (suppressions.yaml)
105	pull_request 67b1e38 :: 억제 만료 스캔 (suppressions.yaml)
104	pull_request 83fa18c :: 억제 만료 스캔 (suppressions.yaml)
103	pull_request a5eed3b :: 억제 만료 스캔 (suppressions.yaml)
102	pull_request 3ff974a :: 억제 만료 스캔 (suppressions.yaml)
100	pull_request 4650886 :: 억제 만료 스캔 (suppressions.yaml)
83	pull_request 1131294 :: HumanSearch G2 테스트 게이트 (정적·단위 + runtime import 증명)
74	pull_request 903051b :: 억제 만료 스캔 (suppressions.yaml)
45	pull_request 59274eb :: P3 조용한 실패 문법·오탐 회귀
44	pull_request c5d93e6 :: P3 조용한 실패 문법·오탐 회귀
43	push 16a6eea :: 억제 만료 스캔 (suppressions.yaml)
15	push a7a0453 :: 억제 만료 스캔 (suppressions.yaml)
