123	null:SUCCESS@2026-10-04 null:SUCCESS@2026-10-04
122	null:SUCCESS@2026-10-04 null:SUCCESS@2026-10-04
121	null:SUCCESS@2026-10-02 null:SUCCESS@2026-10-02
120	null:FAILURE@2026-10-02 null:FAILURE@2026-10-02
119	null:SUCCESS@2026-10-02 null:SUCCESS@2026-10-02
118	null:SUCCESS@2026-10-02 null:SUCCESS@2026-10-02
117	null:FAILURE@2026-10-01 null:FAILURE@2026-10-01
116	null:FAILURE@2026-10-01 null:FAILURE@2026-10-01
115	null:FAILURE@2026-10-01 null:FAILURE@2026-10-01
114	null:FAILURE@2026-09-30 null:FAILURE@2026-09-30
112	null:FAILURE@2026-09-29 null:FAILURE@2026-09-29
110	null:SUCCESS@2026-09-30 null:SUCCESS@2026-09-30
109	null:FAILURE@2026-10-06 null:SUCCESS@2026-10-06
108	null:FAILURE@2026-09-23 null:FAILURE@2026-09-23
107	null:FAILURE@2026-09-23 null:FAILURE@2026-09-23
106	null:FAILURE@2026-09-22 null:FAILURE@2026-09-22
105	null:FAILURE@2026-09-22 null:FAILURE@2026-09-22
104	null:FAILURE@2026-09-22 null:FAILURE@2026-09-22
103	null:FAILURE@2026-09-18 null:FAILURE@2026-09-18
102	null:FAILURE@2026-09-17 null:FAILURE@2026-09-17
100	null:FAILURE@2026-09-24 null:FAILURE@2026-09-24
97	null:SUCCESS@2026-09-14 null:SUCCESS@2026-09-14
96	null:SUCCESS@2026-09-15 null:SUCCESS@2026-09-15
95	null:SUCCESS@2026-09-14 null:SUCCESS@2026-09-14
94	null:SUCCESS@2026-09-14 null:SUCCESS@2026-09-14
93	null:SUCCESS@2026-09-14 null:SUCCESS@2026-09-14
92	null:SUCCESS@2026-09-14 null:SUCCESS@2026-09-14
91	null:SUCCESS@2026-09-14 null:SUCCESS@2026-09-14
90	null:SUCCESS@2026-09-14 null:SUCCESS@2026-09-14
89	null:SUCCESS@2026-09-14 null:SUCCESS@2026-09-14
88	null:SUCCESS@2026-09-14 null:SUCCESS@2026-09-14
87	null:SUCCESS@2026-09-14 null:SUCCESS@2026-09-14
86	null:SUCCESS@2026-09-14 null:SUCCESS@2026-09-14
85	null:SUCCESS@2026-09-14 null:SUCCESS@2026-09-14
83	null:FAILURE@2026-09-24 null:FAILURE@2026-09-24
79	null:SUCCESS@2026-09-09 null:SUCCESS@2026-09-09
78	
77	
75	null:SUCCESS@2026-09-09 null:SUCCESS@2026-09-09
74	null:FAILURE@2026-09-22 null:FAILURE@2026-09-22
68	null:SUCCESS@2026-09-07 null:SUCCESS@2026-09-07
67	null:SUCCESS@2026-09-07 null:SUCCESS@2026-09-07
66	null:SUCCESS@2026-09-06 null:SUCCESS@2026-09-06
65	null:SUCCESS@2026-09-06 null:SUCCESS@2026-09-06
63	null:SUCCESS@2026-09-06 null:SUCCESS@2026-09-06
61	null:SUCCESS@2026-09-06 null:SUCCESS@2026-09-06
54	null:SUCCESS@2026-09-14 null:SUCCESS@2026-09-14
48	null:SUCCESS@2026-08-26 null:SUCCESS@2026-08-26
47	null:SUCCESS@2026-08-26 null:SUCCESS@2026-08-26
45	null:FAILURE@2026-08-26 null:SUCCESS@2026-08-26
44	null:FAILURE@2026-08-26 null:SUCCESS@2026-08-26
43	null:FAILURE@2026-08-27
37	null:SUCCESS@2026-08-21 null:SUCCESS@2026-08-21
15	null:FAILURE@2026-09-24
14	null:SUCCESS@2026-08-15 null:SUCCESS@2026-08-15
