123	files=25	same_as_main=0	behind_main=0	root:25 
122	files=4	same_as_main=0	behind_main=0	root:2 tools:2 
121	files=18	same_as_main=0	behind_main=0	root:18 
120	NO_HEAD_REF
119	files=1	same_as_main=0	behind_main=0	root:1 
118	files=18	same_as_main=0	behind_main=0	root:18 
117	files=1	same_as_main=0	behind_main=1	root:1 
116	files=1	same_as_main=0	behind_main=1	tools:1 
115	files=1	same_as_main=0	behind_main=1	root:1 
114	files=6	same_as_main=0	behind_main=1	root:6 
112	files=1	same_as_main=0	behind_main=1	root:1 
110	files=29	same_as_main=0	behind_main=7	root:29 
109	files=17	same_as_main=0	behind_main=7	root:17 
108	files=5	same_as_main=0	behind_main=6	root:5 
107	files=15	same_as_main=0	behind_main=7	root:15 
106	files=2	same_as_main=0	behind_main=7	root:2 
105	files=64	same_as_main=0	behind_main=6	.codex:3 .cursor:1 root:51 tests:9 
104	files=76	same_as_main=0	behind_main=3	outputs:49 root:23 skills:1 tests:3 
103	files=5	same_as_main=0	behind_main=7	root:5 
102	files=2	same_as_main=0	behind_main=7	root:2 
100	files=15	same_as_main=0	behind_main=7	root:15 
97	files=3	same_as_main=0	behind_main=7	root:3 
96	files=7	same_as_main=0	behind_main=7	root:7 
95	files=7	same_as_main=0	behind_main=7	root:7 
94	files=3	same_as_main=0	behind_main=7	root:3 
93	files=3	same_as_main=0	behind_main=7	root:3 
92	files=2	same_as_main=0	behind_main=7	root:2 
91	files=9	same_as_main=0	behind_main=7	.codex:2 root:7 
90	files=3	same_as_main=0	behind_main=7	root:3 
89	files=3	same_as_main=0	behind_main=7	root:3 
88	files=2	same_as_main=0	behind_main=7	root:2 
87	files=4	same_as_main=0	behind_main=7	root:4 
86	files=8	same_as_main=0	behind_main=7	root:8 
85	files=3	same_as_main=0	behind_main=7	root:3 
83	files=72	same_as_main=0	behind_main=7	root:72 
79	files=3	same_as_main=0	behind_main=19	root:3 
78	files=2	same_as_main=0	behind_main=19	root:2 
77	files=8	same_as_main=0	behind_main=19	root:8 
75	files=4	same_as_main=0	behind_main=19	root:4 
74	files=3	same_as_main=0	behind_main=7	root:3 
68	files=8	same_as_main=0	behind_main=19	root:8 
67	files=3	same_as_main=0	behind_main=19	root:3 
66	files=2	same_as_main=0	behind_main=19	root:2 
65	files=1	same_as_main=0	behind_main=19	root:1 
63	files=3	same_as_main=0	behind_main=19	root:3 
61	files=1	same_as_main=0	behind_main=19	root:1 
54	files=3	same_as_main=0	behind_main=7	root:3 
48	files=13	same_as_main=0	behind_main=42	root:13 
47	files=14	same_as_main=0	behind_main=42	root:14 
45	files=6	same_as_main=0	behind_main=48	root:1 tests:4 tools:1 
44	files=4	same_as_main=0	behind_main=48	tests:2 tools:2 
43	files=23	same_as_main=0	behind_main=48	root:23 
37	files=19	same_as_main=0	behind_main=49	root:19 
15	files=22	same_as_main=0	behind_main=73	root:22 
14	files=8	same_as_main=0	behind_main=73	root:8 
